{
  "id": "4792566",
  "name": "天团科技",
  "font_family": "iconfont",
  "css_prefix_text": "icon-",
  "description": "",
  "glyphs": [
    {
      "icon_id": "2859494",
      "name": "Change container",
      "font_class": "Change_container",
      "unicode": "e677",
      "unicode_decimal": 58999
    },
    {
      "icon_id": "41751543",
      "name": "中国国旗",
      "font_class": "zhongguoguoqi",
      "unicode": "e632",
      "unicode_decimal": 58930
    },
    {
      "icon_id": "3072480",
      "name": "英国国旗",
      "font_class": "yingguoguoqi",
      "unicode": "e63e",
      "unicode_decimal": 58942
    },
    {
      "icon_id": "4933869",
      "name": "点",
      "font_class": "dian",
      "unicode": "ec1e",
      "unicode_decimal": 60446
    },
    {
      "icon_id": "90509",
      "name": "价格保护",
      "font_class": "jiagebaohu",
      "unicode": "e607",
      "unicode_decimal": 58887
    },
    {
      "icon_id": "1068170",
      "name": "工作室",
      "font_class": "gongzuoshi",
      "unicode": "e780",
      "unicode_decimal": 59264
    },
    {
      "icon_id": "1104544",
      "name": "其它类_其它预警点 ",
      "font_class": "qitaleiqitayujingdian",
      "unicode": "e9e7",
      "unicode_decimal": 59879
    },
    {
      "icon_id": "2076258",
      "name": "客服",
      "font_class": "kefu",
      "unicode": "e88f",
      "unicode_decimal": 59535
    },
    {
      "icon_id": "2815702",
      "name": "播放",
      "font_class": "bofang",
      "unicode": "e609",
      "unicode_decimal": 58889
    },
    {
      "icon_id": "5192953",
      "name": "设计",
      "font_class": "sheji",
      "unicode": "e65f",
      "unicode_decimal": 58975
    },
    {
      "icon_id": "7442716",
      "name": "提升",
      "font_class": "tisheng",
      "unicode": "e63c",
      "unicode_decimal": 58940
    },
    {
      "icon_id": "7560056",
      "name": "安全",
      "font_class": "anquan",
      "unicode": "e621",
      "unicode_decimal": 58913
    },
    {
      "icon_id": "7839155",
      "name": "尺寸",
      "font_class": "chicun",
      "unicode": "e6ac",
      "unicode_decimal": 59052
    },
    {
      "icon_id": "9912713",
      "name": "考勤专员",
      "font_class": "kaoqinzhuanyuan",
      "unicode": "e70a",
      "unicode_decimal": 59146
    },
    {
      "icon_id": "15815698",
      "name": "电灯-灯泡-照明",
      "font_class": "diandeng-dengpao-zhaoming",
      "unicode": "e78e",
      "unicode_decimal": 59278
    },
    {
      "icon_id": "18170246",
      "name": "电,闪电,电力,电量",
      "font_class": "lightning",
      "unicode": "e995",
      "unicode_decimal": 59797
    },
    {
      "icon_id": "18267959",
      "name": "稳定可靠",
      "font_class": "wendingkekao",
      "unicode": "e998",
      "unicode_decimal": 59800
    },
    {
      "icon_id": "20215512",
      "name": "系统管理",
      "font_class": "xitongguanli",
      "unicode": "e64d",
      "unicode_decimal": 58957
    },
    {
      "icon_id": "21586212",
      "name": "打印机",
      "font_class": "dayinji",
      "unicode": "e60a",
      "unicode_decimal": 58890
    },
    {
      "icon_id": "23508967",
      "name": "校准",
      "font_class": "xiaozhun",
      "unicode": "e634",
      "unicode_decimal": 58932
    },
    {
      "icon_id": "29869396",
      "name": "3d",
      "font_class": "a-3d",
      "unicode": "e73a",
      "unicode_decimal": 59194
    },
    {
      "icon_id": "33986999",
      "name": "首页-置灰",
      "font_class": "shouye-zhihui",
      "unicode": "e61d",
      "unicode_decimal": 58909
    },
    {
      "icon_id": "42191247",
      "name": "arrow-right-double-line",
      "font_class": "arrow-right-double-line",
      "unicode": "e747",
      "unicode_decimal": 59207
    },
    {
      "icon_id": "691178",
      "name": "电话",
      "font_class": "dianhua2",
      "unicode": "e637",
      "unicode_decimal": 58935
    },
    {
      "icon_id": "642052",
      "name": "QQ",
      "font_class": "qq",
      "unicode": "e605",
      "unicode_decimal": 58885
    },
    {
      "icon_id": "1440919",
      "name": "微信 ",
      "font_class": "weixin",
      "unicode": "e63f",
      "unicode_decimal": 58943
    },
    {
      "icon_id": "5643541",
      "name": "邮箱",
      "font_class": "youxiang",
      "unicode": "e610",
      "unicode_decimal": 58896
    },
    {
      "icon_id": "630083",
      "name": "下拉",
      "font_class": "xiala",
      "unicode": "e65c",
      "unicode_decimal": 58972
    },
    {
      "icon_id": "20871441",
      "name": "上",
      "font_class": "shang",
      "unicode": "e63a",
      "unicode_decimal": 58938
    },
    {
      "icon_id": "12856632",
      "name": "下载",
      "font_class": "xiazai",
      "unicode": "e602",
      "unicode_decimal": 58882
    },
    {
      "icon_id": "1311618",
      "name": "菜单",
      "font_class": "caidan",
      "unicode": "e608",
      "unicode_decimal": 58888
    },
    {
      "icon_id": "6536738",
      "name": "菜单",
      "font_class": "caidan1",
      "unicode": "e668",
      "unicode_decimal": 58984
    },
    {
      "icon_id": "6834861",
      "name": "文件-文件下发",
      "font_class": "wj-wjxf",
      "unicode": "e770",
      "unicode_decimal": 59248
    },
    {
      "icon_id": "996913",
      "name": "右右",
      "font_class": "left-1",
      "unicode": "e603",
      "unicode_decimal": 58883
    },
    {
      "icon_id": "1028020",
      "name": "右右",
      "font_class": "down-1-copy",
      "unicode": "e604",
      "unicode_decimal": 58884
    },
    {
      "icon_id": "1029274",
      "name": "右右",
      "font_class": "right-1-copy",
      "unicode": "e61f",
      "unicode_decimal": 58911
    },
    {
      "icon_id": "5961323",
      "name": "运行",
      "font_class": "yunhang",
      "unicode": "ec61",
      "unicode_decimal": 60513
    },
    {
      "icon_id": "7036704",
      "name": "下移",
      "font_class": "xiayi",
      "unicode": "e636",
      "unicode_decimal": 58934
    },
    {
      "icon_id": "13953504",
      "name": "左",
      "font_class": "zuo",
      "unicode": "e600",
      "unicode_decimal": 58880
    },
    {
      "icon_id": "13953505",
      "name": "右",
      "font_class": "you",
      "unicode": "e601",
      "unicode_decimal": 58881
    },
    {
      "icon_id": "14835598",
      "name": "左箭头",
      "font_class": "arrowLeft",
      "unicode": "e65d",
      "unicode_decimal": 58973
    },
    {
      "icon_id": "14835599",
      "name": "右箭头",
      "font_class": "arrowRight",
      "unicode": "e65e",
      "unicode_decimal": 58974
    },
    {
      "icon_id": "37356626",
      "name": "关闭",
      "font_class": "guanbi",
      "unicode": "e60e",
      "unicode_decimal": 58894
    },
    {
      "icon_id": "760251",
      "name": "wechat",
      "font_class": "wechat",
      "unicode": "e640",
      "unicode_decimal": 58944
    },
    {
      "icon_id": "26163685",
      "name": "分享",
      "font_class": "JC_054",
      "unicode": "e660",
      "unicode_decimal": 58976
    },
    {
      "icon_id": "33987016",
      "name": "上传图片",
      "font_class": "shangchuantupian",
      "unicode": "e61e",
      "unicode_decimal": 58910
    },
    {
      "icon_id": "436015",
      "name": "邮件",
      "font_class": "youjian",
      "unicode": "e804",
      "unicode_decimal": 59396
    },
    {
      "icon_id": "1051652",
      "name": "电话1",
      "font_class": "dianhua1",
      "unicode": "e639",
      "unicode_decimal": 58937
    },
    {
      "icon_id": "8641054",
      "name": "官网",
      "font_class": "guanwang",
      "unicode": "e661",
      "unicode_decimal": 58977
    },
    {
      "icon_id": "9683672",
      "name": "地址",
      "font_class": "dizhi1",
      "unicode": "e638",
      "unicode_decimal": 58936
    },
    {
      "icon_id": "7938415",
      "name": "方向圆箭头-向右",
      "font_class": "fangxiangyuanjiantou-xiangyou",
      "unicode": "e617",
      "unicode_decimal": 58903
    },
    {
      "icon_id": "7938419",
      "name": "方向圆箭头-向左",
      "font_class": "fangxiangyuanjiantou-xiangzuo",
      "unicode": "e618",
      "unicode_decimal": 58904
    },
    {
      "icon_id": "24258554",
      "name": "通用-方向-向左1",
      "font_class": "tongyong-fangxiang-xiangzuo1",
      "unicode": "e719",
      "unicode_decimal": 59161
    },
    {
      "icon_id": "24258555",
      "name": "通用-方向-向右1",
      "font_class": "tongyong-fangxiang-xiangyou1",
      "unicode": "e71a",
      "unicode_decimal": 59162
    },
    {
      "icon_id": "17904482",
      "name": "竖",
      "font_class": "shu",
      "unicode": "e620",
      "unicode_decimal": 58912
    },
    {
      "icon_id": "9820829",
      "name": "质量控制",
      "font_class": "zhiliangkongzhi",
      "unicode": "e6e1",
      "unicode_decimal": 59105
    },
    {
      "icon_id": "12331685",
      "name": "维护",
      "font_class": "weihu",
      "unicode": "e66a",
      "unicode_decimal": 58986
    },
    {
      "icon_id": "34324498",
      "name": "个性化定制",
      "font_class": "gexinghuadingzhi",
      "unicode": "e692",
      "unicode_decimal": 59026
    },
    {
      "icon_id": "34564340",
      "name": "产品1",
      "font_class": "chanpin1",
      "unicode": "e623",
      "unicode_decimal": 58915
    },
    {
      "icon_id": "7571327",
      "name": "右右",
      "font_class": "youyou",
      "unicode": "e682",
      "unicode_decimal": 59010
    },
    {
      "icon_id": "11855561",
      "name": "加",
      "font_class": "jia1",
      "unicode": "e606",
      "unicode_decimal": 58886
    },
    {
      "icon_id": "816471",
      "name": "电话",
      "font_class": "dianhua",
      "unicode": "e64c",
      "unicode_decimal": 58956
    },
    {
      "icon_id": "12184879",
      "name": "邮件",
      "font_class": "youjian1",
      "unicode": "e686",
      "unicode_decimal": 59014
    },
    {
      "icon_id": "12503720",
      "name": "地址",
      "font_class": "dizhi",
      "unicode": "e622",
      "unicode_decimal": 58914
    },
    {
      "icon_id": "34918005",
      "name": "搜索",
      "font_class": "sousuo",
      "unicode": "e614",
      "unicode_decimal": 58900
    },
    {
      "icon_id": "658008",
      "name": "多语言",
      "font_class": "duoyuyan",
      "unicode": "e654",
      "unicode_decimal": 58964
    }
  ]
}
