{
  "id": "4596331",
  "name": "深稳太阳能",
  "font_family": "iconfont",
  "css_prefix_text": "icon-",
  "description": "",
  "glyphs": [
    {
      "icon_id": "436015",
      "name": "邮件",
      "font_class": "youjian",
      "unicode": "e804",
      "unicode_decimal": 59396
    },
    {
      "icon_id": "1051652",
      "name": "电话1",
      "font_class": "dianhua1",
      "unicode": "e639",
      "unicode_decimal": 58937
    },
    {
      "icon_id": "8641054",
      "name": "官网",
      "font_class": "guanwang",
      "unicode": "e661",
      "unicode_decimal": 58977
    },
    {
      "icon_id": "9683672",
      "name": "地址",
      "font_class": "dizhi1",
      "unicode": "e638",
      "unicode_decimal": 58936
    },
    {
      "icon_id": "816471",
      "name": "电话",
      "font_class": "dianhua",
      "unicode": "e64c",
      "unicode_decimal": 58956
    },
    {
      "icon_id": "880323",
      "name": "home",
      "font_class": "home1",
      "unicode": "e6af",
      "unicode_decimal": 59055
    },
    {
      "icon_id": "996913",
      "name": "右右",
      "font_class": "left-1",
      "unicode": "e603",
      "unicode_decimal": 58883
    },
    {
      "icon_id": "1028020",
      "name": "右右",
      "font_class": "down-1-copy",
      "unicode": "e604",
      "unicode_decimal": 58884
    },
    {
      "icon_id": "1029274",
      "name": "右右",
      "font_class": "right-1-copy",
      "unicode": "e61f",
      "unicode_decimal": 58911
    },
    {
      "icon_id": "12184879",
      "name": "邮件",
      "font_class": "youjian1",
      "unicode": "e686",
      "unicode_decimal": 59014
    },
    {
      "icon_id": "12503720",
      "name": "地址",
      "font_class": "dizhi",
      "unicode": "e622",
      "unicode_decimal": 58914
    },
    {
      "icon_id": "12729179",
      "name": "搜索",
      "font_class": "sousuo",
      "unicode": "e60e",
      "unicode_decimal": 58894
    },
    {
      "icon_id": "11882841",
      "name": "bg-left",
      "font_class": "bg-left",
      "unicode": "e63a",
      "unicode_decimal": 58938
    },
    {
      "icon_id": "11882936",
      "name": "bg-right",
      "font_class": "bg-right",
      "unicode": "e64d",
      "unicode_decimal": 58957
    },
    {
      "icon_id": "24413388",
      "name": "右箭头",
      "font_class": "youjiantou",
      "unicode": "e602",
      "unicode_decimal": 58882
    },
    {
      "icon_id": "33987170",
      "name": "下拉",
      "font_class": "xiala",
      "unicode": "e621",
      "unicode_decimal": 58913
    },
    {
      "icon_id": "39027924",
      "name": "右选",
      "font_class": "youxuan",
      "unicode": "e666",
      "unicode_decimal": 58982
    }
  ]
}
