{
  "id": "4682502",
  "name": "源美",
  "font_family": "iconfont",
  "css_prefix_text": "icon-",
  "description": "",
  "glyphs": [
    {
      "icon_id": "5961323",
      "name": "运行",
      "font_class": "yunhang",
      "unicode": "ec61",
      "unicode_decimal": 60513
    },
    {
      "icon_id": "37356626",
      "name": "关闭",
      "font_class": "guanbi",
      "unicode": "e60e",
      "unicode_decimal": 58894
    },
    {
      "icon_id": "630083",
      "name": "下拉",
      "font_class": "xiala",
      "unicode": "e65c",
      "unicode_decimal": 58972
    },
    {
      "icon_id": "996913",
      "name": "右右",
      "font_class": "left-1",
      "unicode": "e603",
      "unicode_decimal": 58883
    },
    {
      "icon_id": "1028020",
      "name": "右右",
      "font_class": "down-1-copy",
      "unicode": "e604",
      "unicode_decimal": 58884
    },
    {
      "icon_id": "1029274",
      "name": "右右",
      "font_class": "right-1-copy",
      "unicode": "e61f",
      "unicode_decimal": 58911
    },
    {
      "icon_id": "9713056",
      "name": "搜索",
      "font_class": "sousuo",
      "unicode": "e67b",
      "unicode_decimal": 59003
    },
    {
      "icon_id": "6186661",
      "name": "邮箱",
      "font_class": "youxiang",
      "unicode": "e664",
      "unicode_decimal": 58980
    },
    {
      "icon_id": "7036704",
      "name": "下移",
      "font_class": "xiayi",
      "unicode": "e636",
      "unicode_decimal": 58934
    },
    {
      "icon_id": "13953504",
      "name": "左",
      "font_class": "zuo",
      "unicode": "e600",
      "unicode_decimal": 58880
    },
    {
      "icon_id": "13953505",
      "name": "右",
      "font_class": "you",
      "unicode": "e601",
      "unicode_decimal": 58881
    },
    {
      "icon_id": "14835598",
      "name": "左箭头",
      "font_class": "arrowLeft",
      "unicode": "e65d",
      "unicode_decimal": 58973
    },
    {
      "icon_id": "14835599",
      "name": "右箭头",
      "font_class": "arrowRight",
      "unicode": "e65e",
      "unicode_decimal": 58974
    }
  ]
}
